comment,sentiment,gpt_prediction,llama_prediction
this line reasoning uncannily similar what extreme trump supporters use justify the wall the immigration ban and the non existence climate change,-1,-1,-1
aaaand people are trending twitter,0,0,1
standard scoring have martellus bennett but dwayne allen currently available which keep,1,0,1
malviya amit aids and cancer personified,0,0,0
this article adblocker unfriendly following the text the article woman cop who stood against bjpleaders sent jail transferred the woman police officer syana circle district bulandshahar shreshtha thakur who stood against local bjp leaders and sent five them jail for creating obstacles discharging government duties was transferred bahraich saturday the cop was transferred week after the incident following meeting delegation the party mlas and with the chief minister over the issue the local leaders had linked with their pride and pressed the high command initiate action against thakur mukesh bhardwaj the party city president made bones admitting that thakur transfer was essential keeping intact the pride party workers and leaders also charged the cop with using objectionable language against yogi adityanath and other party leaders thakur and her team were checking vehicles syana area june when she stopped person driving motorcycle without wearing helmet and slapped fine 200 him the man introduced himself bjp leader pramod kumar  his wife member jila panchayat bulandshahar altercation took place between kumar and thakur and the former soon telephoned bjp leaders who arrived there and objected the action police bhardwaj also arrived the spot and argued with thakur and other police personnel blamed one the constables for demanding money from kumar let him without fine just bot cannot reply your queries send modmail 2fr 2findia subject anti anti block bot you have any queries please provide link your submission would not able help you without link,1,-1,1
indian here providing another comparison for the last years pakistan has attacked sneaking terrorists they kill our innocent cowardly terrorist way every single war they been defeated handily they resort terrorism our government has been inept and unable stop cross border infiltration given that the border indeed very hard protect because the terrain and are peaceful nation will never attack first only defend but you can attack country when they refuse fight except rats enter modi for the first year his term extended every hand friendship pakistan invited their our country signed treaties gesture ending hostilities and pakistan responded another attack one that killed several our soldiers for the first time history indian troops went into enemy territory and killed the fucks dropped bombs sent armed commandos crippled the terror infrastructure along the border this what fearless nationalist does you fuck with him you your own peril hope djt does something similar isis and palestinians they need know the consequences fucking with peaceful hard working people good luck america good luck india hope recognize each other similarity and support each other,1,-1,0
aroundhampi,0,0,1
always our number,0,0,1
seems like there will clear majority the next highest probably bsp with seats congress bsp ind might form government,1,0,1
did did just say pakistan wale bhi bol rahe hai modi aake mar chala gaya listen for yourself this scary becoming more and more clear why greenlit the strike was solely gain political advantage before elections our escalated tensions and put the country and soldiers the harm way just gain advantage elections would collective suicide this guy voted into power again,1,-1,1
speaks from experience,0,0,1
redditgau wait min this isn bakchodi,0,0,0
what the most important story you have covered according you,1,0,1
laos ban bitcoin,0,0,-1
you are actually surprised these low life did not give credit where  due they see they are doing favor you using your template,-1,-1,-1
unnao rape case cbi interrogates mla sengar alleged accomplice victim hopeful justice 437874,-1,1,1
aur modiji unko bahar bhej diya,0,-1,1
nothing new for our left liberal establishment during bihar elections eminent historians writers scientists filmmakers activists etc from this community all came together support the likes lalu yadav and his caste goonda conglomerate the name peace and tolerance whether sanjeev bhatt yakub memon jungle raj pakistani terrorism all will come together out shared hatred the bjp and will proudly claim they are doing for idea india that the essense indian secular politics,1,-1,0
wow why quota pura din hardworking photographer egg which have picked wall for bot except when formerly employed real shit,-1,-1,1
solid list,0,0,1
gandhi means bussines and bussines means congress presently well oiled machinery,0,0,0
fax machine should solve the problem,0,0,1
matter what people say modi highly likely win least the hindi belt 2019 unless cocks manner noticed the poor,1,-1,0
demonetization will completely forgotten the common man mostly there this safe guess gst filing procedure and dates will amended least more times tax holiday will given multiple segments real estate will continue dip there will stock market crash for few months after which there will suddenly big bull rush,1,0,1
wtf they didn secure the server feet walls,-1,-1,1
exemplary display testicular fortitude shown the wire and rohini however the next few days will show whether they have walked into tornado wearing lungi,-1,-1,0
india first except when the bjp says they build ram mandir voted power because that the only thing that has been holding the nation back,1,1,1
lost only those states where there mullah menace,0,0,1
here take india was partitioned belief that muslims living india will continue live unharmed similarly hindus living west east pakistans will continue live unharmed india will considered hindu nation where hindus migrating from west east pakistan will welcome take refuge muslims from india are free migrate pakistan now that hindus are not being treated well and they want migrate nation which was created for them they are welcome but muslims have their nation result partition they are not happy with situation there then they should try improve situation rather than move across border not question about hindu muslim question national resources national security and rights indian citizens hindus bangladesh are much minority that you will not notice they migrate india but muslims are migrating much population that has created severe identity crisis east india and pakistan with support china trying take full advantage that situation think beyond your hatered for modi and put india before anything else you will realize are critical situation with major threat from pakistan and china and have handle favor india without giving communal color,1,1,1
feel like you getting woooosh here,0,0,1
god this isn anything proud need slow down bloody need catastrophic destruction make this slow,-1,-1,-1
india did botched job and was made worse our esteemed prime minister his refusal speak the nation such matters causes more problems than realizes the absence anything credible the media jumped conclusions with their confirmation bias because let face all wanted this true pakistan the other hand has come out the sane nation the whole matter believe the truth somewhere the middle though might have done some damages and hope some credible evidence soon comes out from independent sources but india has lost face internationally this time,1,-1,-1
proof,0,0,0
found little infograph cms india projects afghanistan edit   000 000 which roughly 000,-1,0,1
well this gonna very long one kindly bare with now for background ethnic tamil from district but brought mumbai and although most from community segregate themselves with caste identity and hated other tamils the other hand was dravidian fanatic even thought erasing surname officially albeit not too old that dravidian means was interested all tamil issues even those living malaysia always wanted state have autonomy were afterall doing quite well churning out jobs education and literacy rates fine tfr below replacement etc were the liberal centre left version kerala and better than kerala ftm our taxes were relatively low economy backbone the huge 90000 msmes supported thousands powerless big companies single word amazing since the age when blindly supported cong and they won 2009 with huge confidence post their fantastic upa gujarati friends used boast modi always sensed the fascist and the arrogant tendencies worshiping modi back then became staunch hater modi even hated travelling gujarat once all those roads and infra looked good but noticed how muslims were literally crammed the slums unlike how muslims live state back then didn know social justice even the ghettoization politics 2014 disliked upa yes but didn hate them for still considered bjp party goons they are then only dad brainwashed his pro bjp gujju friends voted bjp entire family hated him for 2002 then time passed 2015 got brainwashed the cell answers quora anyways coming from privileged background not financially but socially never knew how meant live life coz earlier never met one then happened explore their lives started asking maid who comes from the mahar community then realized the real trouble they lacked empowerment the system failed them and upa was right when mms said that minorities have the first right resources was meant optimistic tone sense that minorities were earlier neglected but now they won neglected the govt anymore facepalm for then observed the growing trend meddia outlets suddenly airing ammunitions and other videos solid pro war propaganda diversion from the real issues turned blind eye the una massacre under the brainwashing the holy cow and shit even ignored the polarization during elections sorry was not the guy pre 2015 anymore all sudden 2018 personally felt that being stressed life with all the hindu khatre hai propaganda asked myself really unsafe are muslims really problem for are scs really trying oppress you then since feb started being unbiased saw that india performs poorly terms social justice integration muslims and other communities into the society observed that the govt was responsible for not working social justice that gst was sham state economy now have come believe bimal jalan thoughts jalan once said that india grow and stay stable needs only coalition not single party govt and polarization was happening for real also rss venomous thanks lot you read this boring content mine pardon writing ability,-1,-1,-1
but made tseries,0,0,1
iske baad modi bolega been falsely credited the inspiration this biopic,-1,-1,0
being indian scientist what are your thoughts our country being behind research apart from the general public attitude towards science and choosing profession general what you think might the reasons,-1,0,1
will take the initiative and ask something which has been lot developers mind please remove off topic but thought this will probably best opportunity get comment from google this with the recent claims from whatsapp asking third party devs stop publishing apps that use notificationlistener api and interact with their notifications developers need careful while using this any similar api what notification they can interact with can google clear this confusion listening using directreply api reply android notifications can violate another third party tos the reason asking because many devs are facing legal threats over use this api and are being forced remove their app hoping there aren any restrictions with this api usage then google can least protect their developers with official statement,1,0,1
bjp walon kashmir chahiye nahi you thrash kashmiris all over the country means you just want the land kashmir and not its people ideally all these guys who beat kashmiris and muslims should sent kashmir rebuild the broken and robbed homes kashmiri pandits that would better than building the temple rant,1,-1,-1
now when start hearing you condemning the muslim jihadis and stone throwers kashmir who want caliphate,0,-1,1
nice see how president corrects them and intervens,1,1,1
with regrets have opine that congress even gets lot seats loksabha elections this season yeah their number will sure shot increase how much unknown will earn most them coz people aren impressed modijis regime from cronyism rampant communalism seems the norm these days while anything anti bjp thrown under the blanket anti national firstly there coherence what congress says rahul gandhi says something someone else pushes another narrative and much that reddit its more like inc bjp cow what will the congressi solution the job problem now ragas has been marked reluctance yet clarify knowledge least has plan place for botched schemes with extravagant publicity has been the norm since 2014 most them are just same thing upa under deen dayal names will see something different the present nsa madhya pradesh invoking cow puts questions whether inc can even live the tag bjp cow how would you people tackle communalism pandoras box vile hate has been opened would you people have the balls just shut the shop extremist hindutva and muslim factions history says why don you people bust fake news regular basis its not just about calling out but also about making people realise that well pandit nehru isn muslim agree tharoor does speak lot sense lot times but then his audience isn the aam junta they get lost his vocab people are being peddled that years shite why don you people counter with rhetoric although incs history suggests that this will fall deaf ears please revive the rti and wpa inc had earned itself pretty bad name 2014 due corruption allegations how does plan overcome now bjp communal and corrupt and inc corrupt per most india people hope you people grow beyond this image,1,0,1
good job mods,1,1,1
far too busy travelling lands far wide delivering speeches fawning nris fail understand why such great orator tongue tied when comes issues like this like manmohan silence was tactic for the rampant corruption namo just encouraging the rising intolerance,1,-1,1
great theory,1,1,1
fuck have around 50k home 500s and 1000s thanks atm allergic parents have and get changed soon also fuck again for paying 1600 cash shop just minutes back all 100s other than that good move should have heavy impact low mid level black money hoarders,-1,-1,1
gst rates will come down across the board before elections,-1,0,1
multiple international media houses coming out with reports giving out satellite images that just damaged trees and damage was done which contradicts the claims made our media 250 300 terrorist camps now the main question this was never confirmed why didnt our gov intervene and say the media stop spreading false info next thing why did media throw this curveball 300 terrorist being killed whats the actual reality huge trust and credibility issue being raised global scale edit also strongly feel media houses need under some law spreading unverfied garbage news and misleading the nation,1,-1,0
everyone knows bjp guy and all this federal front crap cut into opposition numbers and jagan will definitely support nda,-1,-1,1
relax guys they are his sisters from another mothers,0,0,1
they put gain switch now exactly like the,1,1,0
can wait for the creepy comments and bhaabi hai teri huehuehue chutyapa,-1,-1,0
modiji has the memory goldfish this what said post demonetization some people have said why was this demonetization decision taken when the economy was doing well was the best time for demonetization the economy was strong had the economy been weak then could not have done successfully this stoops new lows everyday,1,0,0
any mainstream newspaper carrying this story,0,0,1
wow america and intent,1,0,0
having said that sunny has campaigned shamelessly for bad parties before guess subhe bhoola ghar gaya dharmendra said will beat him does something politics related punjabi interview,-1,-1,0
tiandi line horrible the mix use modern chinese and old chinese one sentence sounds very uneducates and shouting tiandi all day really dumb,-1,-1,1
just got bunch music from best friends but then realize one have player anymore was looked carousell but can find any good player under damn,1,-1,0
press nota happy,1,-1,-1
this unaccept steve cool    course steve hehehe,1,1,1
need this for too can someone link some information about rosters,0,0,0
hoping for the top tax slab made instead lakhs should longer considered high income especially you are filling multiple mouths btw you can watch the livestream here budget live stream rajya sabha 4ijqnfq4sm4,1,0,0
add matteo renzi,0,0,1
source ref top stories home template for mods also hope the anti national found soon and sent pakistan,1,-1,1
expect lot love modi post quora,1,1,1
yogi wasn even name people knew commonly before 2014 you never know who springs the coming years and have yet see the results yogi work till then insult even compare modi gujarat lol,1,0,0
you talk about population crisis india how sand mafia destroyed people lands,0,-1,-1
minutes silence for the people who thought was not,0,0,0
this remix great but like their remix clear blue water clear blue water neptune project remix just little bit better,1,1,1
logan paul indian politics fenku,0,0,0
64gb ram 1tb ssd two titans not worthy,-1,-1,0
seriously there are people who support those lynchings quora twitter etc mean not wanting kill cows one thing but killing people for that,-1,-1,-1
dude probably unused hindi that must thought used for everyone very much like when nariyals speak english and these grammatical msitakes,1,1,1
for the protagonist and watch you can think the original title was tuberculosis,1,1,1
this the best could make original india usa iduskbn19h0ek reduced bot washington president donald trump and indian prime minister narendra modi will hold their first face face meeting washington monday seeking boost indian relations despite differences over trade the paris climate accord and immigration trump built trump tower property mumbai and spoke warmly india during his presidential campaign last year indian officials reject suggestions that modi make india platform protectionist and complain about the regulatory process for generic pharmaceuticals and rules fruit exports the united states extended summary 23autotldr and comments are monitored constructive feedback welcome top keywords trump indian official india,1,1,1
modis theatrics from yesterday make this worse,-1,-1,-1
basically sounds like the ending newton,0,1,0
poverty india already below http worldpoverty,0,0,1
whatabout whatabout whatabout whatabout whatabout were you born 2013 there was outrage when congress did stuff like this infact the popularity congress all time low precisely because they did bad stuff criticizing bjp endorsing congress congress has been fucking failure and people voted bjp with such massive majority because they thought bjp would different when bjp does the exact same thing the congress did people outrage and rightly,-1,-1,-1
man such big mistake releasing that video heavily edited just bad move what were they thinking,-1,-1,-1
there modi wave congress has done far better than expected,1,1,1
darwinism work don worry folks,0,0,1
kas nors,0,0,0
2019 slogan rahul team for,0,0,1
strong words backbone,1,0,1
good the king,1,1,1
most indians who use reddit hate modi you can india see that for yourself,-1,-1,1
wikipedia the free encyclopedia the team has been commonly remarked and other news items credits sr33 new delhi the team has been commonly remarked and other news items credits sr33 new delhi the team has been commonly remarked and other news items credits sr33 new delhi the team has been commonly remarked and other news items credits sr33 new delhi the team has been commonly remarked and other news items credits sr33 new delhi the team has been commonly remarked and other news items credits sr33,-1,0,1
steve jobs option,0,0,1
modi finally talks about ambani adani and kejriwal have built crore toilets for ambani and adani,0,-1,1
wow really digging the look for this series armor and weapons has mass effect feel looking sharp,1,1,1
you are awesome,1,1,1
bsp comes power,0,0,1
there need for subscibtion base media like netflix where people will pay for good jornalism revenue model based advertisement then any political party can rigg media like above future investors vcs please consider request,-1,-1,1
money everything else got independence for this guys,0,0,1
asi has issued protection hampi sought after damaging video goes viral 1933036 html clarification that this old incident there seems witch hunt for the person who posted this instagram had posted this video asking for these guys dealt with legally unfortunately the kannada meme group which made this viral seems have ignored that context and has made him look like had done let stop with the witch hunting and don asking for the original video who that person,-1,0,0
can someone check this authentic villagers shaken awake indian warplanes drop bombs near madrasa idinkcn1qf13s,1,1,1
are really such big cowards that think that would have gone extinct with the population ruled the damn place for 1000 years with lesser numbers that was without the support the britishers anyone else love pakistan but let quit acting like little pussy cats,-1,-1,-1
congress cell aka randia screaming confusion,0,0,0
bjp keeping with established image nothing surprise here kids this what happens when you elect the uneducated bigoted and irrational bunch,1,1,1
democracy there good bad just popular opinion and people will vote for what they want democracy will win,1,1,1
their biscuits are amazing,1,1,1
another example how pompous self centred and full lies the gods are,1,1,1
yogi times what about that,0,0,0
that poor pigeon about hung rope its feet upside down whipped and thoroughly interrogated sorry been watching bollywood and that shit happens everytime,-1,-1,0
bjp just shitty cong modi good imo,1,-1,1
person ppr league need drop one person for kicker wsid lynch ajayi smith riddick parker thank you,0,0,0
modi fans will now start supporting homeopathy too,1,0,0
main benefits one the fastest growing economies tax upto lakh with 80c standard deduction increased 000 gratuity slab increased post office tax free interest savings raised 000 tds free rental income raised from,1,1,1
you know how advertising works internet,0,0,1
posting again here since you keep bringing this childishly dense claim wrong net inflation affected the price oil and hence food inflation well the numbers aren going disappear just because you keep your eyes shut tight source inflation,-1,0,0
who will responsible future iaf needed 126 but bought only,1,0,-1
see got what wanted fake votes not done his attention whoring and got the attention next time ignore him,-1,-1,0
slow epic burn,-1,-1,-1
meh simply because what catchy and echoed news you even know how many social welfare schemes are active the country how many tenders has your local municipal corporation has opened the last quarter hell you even know the name your local mla and his public records the country seems stupid when ourselves are not informed when don want see what and how much achieved but only what been told see civilian have certain responsibilities yours and mine fail discharge them properly and promptly while expecting every day that things will get better you supposed write your city development authority when ever you see pothole broken dividers roads when have you ever done that you supposed safely dispose condoms segregate trash the moment production some might even keep them separately but also have duty over see that they not mixed during transportation the dumping site you supposed participate the surveys and give feedback for public transportation you supposed send letter traffic control city planners office everytime you get into traffic jam you supposed ask people not wear bags their back not sit the metro floor you not supposed just clean your house and brush off the dust into the street these little things add make our country less ergonomic,1,0,-1
crying godspeed mom,-1,-1,1
had these guys left the movie alone they would have been better off since this coming msm even non tamils came know the dialogues and realise the depth them bjp fucked itself trying fuck someone else looking forward for more such face palm fuck ups,-1,-1,-1
there official verdict from pmo regarding uplift bitcoin ban,0,0,1
can you point out more legal policies his that make the claim fascism not debating you but fascism strong word thrown around regularly such that lost its meaning,1,0,1
who idea you guys think that video was was the govt that sticks olive branch mouth the army that shits out militants who attack india,0,0,0
ppr pptd pick patriots @ nyj chargers @ hou titans @ chi,0,0,1
irony left the chat,0,-1,0
deleted 0088 what this,0,0,0
support basics and not fan and anyone who was not rich enough and discovered the use internet tight budget will support how many remember the joy saving paiasa because google search being free airtel how many remember wiki com they helped thousands get informed and save money,1,0,1
but making sardar patel and lord ram statues doing things per kulcha why you want foreigners family rule india,0,-1,0
lol,1,0,1
this has been the best deal history ever,1,1,1
this cute and hilarious classic tvf,1,1,1
union minister sadananda gowda also gave similar statement recently,0,0,0
was voluntary sale not forced anyone then what the problem,1,0,1
what this high beam just know headlight full bright drink and drive all night,1,-1,0
met guy who shot with very expensive gear nikon and leica the pictures looked craz sharp and has good colors but that was they had soul and were boring look yet all his friends were complimenting him telling took gold pictures was very awkward just nod felt was rich guy with too much time then met another amateur photograph shooting with simple nikon d750 knew was only amateur wasn raving the same friends compliments but was still getting lot praise imo was much better photograph yet had lesser gear use great video shows you don need carry 4kg dslr take good pictures,1,0,0
know gujjus are big veg food but isn there least one gujju non veg dish worth trying out edit you retards are going downvote this least have the decency tell the reason,-1,-1,-1
very soon and rajasthan too would coloured blue especially rajasthan,1,1,1
considers citizens old stock and that take living our country for granted tells veteran that asking for too much but setting records for foreign donations illegally takes money and denies for months and when finally gets held account all says sorry needs have thorough investigation manchurian knight,-1,-1,-1
you can sad because your daughter got raped when you are dead,-1,-1,-1
natural selection its finest what the ones who got hit were plain idiots without shred common sense hope this serves lesson have head and not lesson that pubg evil,-1,-1,1
can only get behind the taking potshots opposition part modi the representing india and not the bjp talking about congress there plain petty for the other points well less said the better,-1,-1,1
this gold,0,0,0
yeah finally cases like these will taken more seriously this country hopefully this case too turns into movement like nirbhaya,1,1,1
man standard eagles chiefs like the eagles match better but wanted second opinion,1,0,0
how bjp related soda nick,0,0,0
chaliye bcci vanakkam,0,1,1
question don the makers need any permission from the main characters portrayed like mms gandhi can anyone just make movie about anyone and portray them bad light without and repercussions,-1,-1,0
good point our govt hinduistic nature hence they use that weapon politicize and secure vote banks just like congress uses minorities will not have major effect common man calm down ignore media based propaganda and live happy life,1,-1,1
hmm every year its the same thing this team looks strong that team looks strong look super team idk think that for atleast the spring split will battle between and tsm for first again the deciding factor will mike yueng licorice does licorice adapt the nalcs fast enough top tier talent and not hold back does mike yueng adapt tsm fast enough money because sven already good comms and jensen sneaky smoothie are all staying the same svens communication should mesh right meaning licorice only has learn from the team tsm the other hand not only has semi rookie jungler but they nowhave zven and mithy arguably the best western botlane duo the problem forsee how well does the team mesh because bot will have adapt tsm and bjerg and hauntzer will have adapt former style just think the vets will have harder time meshing meshing far clg and don trust org super team after super team failure after failure just don see working since spring team curse has basically been the team pro die glimmers brilliance from the sheer skill the team but eventual collapse clg basically the same team except they lost there shot caller for biofrost who great mechanically but now who calls the shots they look great paper but just think they are outclassed almost every roll top tier teams being top there position and they longer have the team shotcalling that went with clg the past few years,1,0,1
overall nda 340  upa  others 133  bjp 291  congress  source todays chanakya html,0,1,1
pakis btfo,0,0,0
use mainly taoist method focus the nothing sinking into and letting until there nothing left ego and only the warm undulating heat from the celestial relent its will and accept its strength and move forward,1,0,1
seema hamare jawan lad rahe hain,0,0,0
isn that the whole point becoming part the government why would anyone give their life all they get meagre salary addition the one the bureaucracy offers power power make artificially your loved ones powerful don people realize that the power decide what made people kings and that exactly what you choose politicians sure there judiciary for different kind decisions but the principle remains same long person decides something for another there equality and without equality not immoral for them take advantage,1,-1,-1
why does the toi article end with this sponsored brand story and the liability for the same solely rests with them the content has not been created verified edited times internet limited times group,-1,0,0
not fucking drill footage podesta ordering pizza wamkgjjdt98,1,-1,-1
literally can vote for modi because don live either benaras baroda,1,1,1
disagree can wait for congress wiped out from karnataka well,0,0,0
something similar happens when you south too before you blame the north realize that retards are present everywhere,-1,-1,0
any proofs the book,0,0,1
your whatsapp forward game strong,1,1,1
rape daughter arrest father and brutally beat him thereby resulting his death everything open the public view yet nothing happens the politician who raped the police who killed the father what fucking disgrace these people such crimes openly because they know there are consequences,-1,-1,-1
but according most liberals aurangazeb not bad just complex character with subtle nuances and product his times also maratha raids into bengal are frequently quoted justify product his times logic,1,0,1
krakw poland silent gathering next the consulate people were moved tears,0,1,0
kur eilratukas,0,0,0
what did they block with those beeps,0,0,0
arnab looks like going disintegrate,0,0,0
jammer zien dat het een damesfiets,0,-1,0
only the indian passport were this strong,1,1,1
dear banerjee does this mean that having frequent sex during pregnancy will increase the chance delivering toxic mvs toward the fetus,-1,-1,0
team standard close game start lindsay michel,-1,0,1
kyuki saas bhi kabhi chor thi,0,0,0
bummed that don have marshall neagle but this should extremely entertaining match always love place,1,1,1
such stupid divisive talks,-1,-1,-1
whatever did was right you are all telling the same thing but the problem many leaders various states are also accused office profit they all should disqualified well file case take them the court should start somewhere why not aap,1,0,1
ban bjp first,1,-1,-1
well bois congrats sri lanka well played really shitty day for indian batsmen hoping they pull their socks next match onwards,1,-1,0
bjp leaders declared brain dead after certain age marg darshak mandali,1,0,0
there wonder that such godmen can accuse other people good points and camera phone will upload wonder that such godmen can accuse other people good points and camera phone will upload wonder that such godmen can accuse other people good points and camera phone will upload wonder that such godmen can accuse other people good points and camera phone will upload wonder that such godmen can accuse other people good points and camera,1,0,-1
only this country can these inbred pieces excrement get away with inciting serious crime and violence against innocents and properties don see this smelly retard getting rightfully jailed anytime soon don like call country shithole but shithole,-1,-1,1
are all chowkidar this blessed day,0,0,0
with waiting until may got some sort content update before then new patrols bounties strike something got 32s all the raid weapons and should have everything maxed out week after that nothing left,1,0,0
ask himmwhere was when the prime minister was britain requesting oeople not play politics with rape wasn listening the great statesman fucking two faced bigot,1,-1,1
agree with you also have thought many time why our companies not the big the world gstn way bill structure was not completed properly years idiots govt also sleeping this matter they should put penalty the company who developing gstn back end structure,-1,-1,-1
glad see bjp winning india convinced bjp will absolutely win least seats delhi the past few days,1,1,1
read the first couple lines and knew was gonna end with 2002 tbh person who was gujarat during 2002 riots just request you through modi speeches those times was his polarizing best when you see his mann baat and all his sober stuff now you feel either acting make you fool acting cos knows you are fool,1,-1,1
even our gatekeepers are well travelled prod moment everything track modi will back,0,0,0
next,0,0,0
bjp deciding walk away from understanding problem and trying find its solution kashmir,0,-1,0
wow this huge they can pull off india one the biggest plastics polluters this would make huge impact going forward come,1,1,1
most personal favorites butter chicken stereotyping people,-1,0,0
each and every child ready fight against india pakistan yes fear going send children fight you india you already have also sending your pigeon back box with some books and toys you should have your kids using instead bombs,1,0,1
advani,0,0,0
she got nice rack,1,-1,0
played through ds1 for the first time preparation for ds3 the time there were messages bloodstains and never got invaded not once,1,1,1
isme chacha nehru haath hai,0,0,1
call lalit modi,0,0,1
nirav modi fled with 13500 crores and lalit modi still hiding couldn brought book after years called tough govt,-1,-1,1
expected the top comment about his apology spree wasn disappointed,-1,0,0
the problem and can find this page not the crop but the way grown huge monocultures decimate bio diversity gmo least some them have been engineered able withstand being sprayed with huge amounts roundup toxic herbicide that kills all weeds except for the engineered crop image thousands hectares with only one crop nothing else and get sprayed with toxic chemicals and chemical fertilizer for this reason conventional agriculture doomed fail get rid all bio diversity and leaves the soils barren,1,-1,-1
good ole vince trying take money from poor people,1,-1,-1
laws are good stuff out what part the same question pity that that that that that that that that that that that that that that that that that that that that that that that that that that that that that that that that that that that that that that that that that that that that that that that that that that that that that that that that that that that that that that that that that that that that that that that that that that that that that that that that that that that that that that,1,0,0
pottythought hafiz sayeed had chance defeat modi the modi haters would make him the and call him liberal and secular,0,-1,1
the new armors feel lot more space agey plus damn crucible hunter variants are blood spattered,1,1,1
power cuts since 2014 upi less paperwork these are the three most prominent changes since 2014,1,0,1
used bollywood fights over credit not given this totally the reverse lol,1,0,0
once got downvoted heavily this sub for saying liked the movie singh king but did there that,1,0,0
years ago some said they would this brazen and open about their shit now that they have gained public confidence and enough blind bhakts,-1,-1,0
can they introduce another middle the road currency for convenience rather annoying not having 500 note,-1,0,0
just stopping say great work the assessment that this the smoking gun correct keep pushing this twitter and news feeds try get something breitbart from there could msm let know can help,1,1,1
modi would only wear designer blouse,0,0,1
hey there any reason why you aren using this account dhruv810 yours,0,0,1
after trump now our conspiracy theorist,0,0,-1
 disgraceful that the wing commander details are being circulated whatsapp,0,-1,1
the cabinet gorgeous where you get edit need learn read titles better anyways did you make yourself order find,1,0,0
dhruv for spreading awareness about these fake news channels and corrupted politicians like you even more when read about your personal and professional life here rathee wiki age dob height social html just want say you keep the good work,1,1,1
why butcher gujarat always foreign tour cannot hindustan afford secretary state for all these foreign tours,-1,-1,0
agree with you some parts hope aap becomes larger and mature party the coming years but they need acknowledge learn from their mistakes start respect and admire the good work done others aap should also project same image they give impression that only they are the saviours,1,1,1
why this even story does individual cover matter little these days,-1,0,0
thanks bcci warna hame har chowkidar chowkidaari karte hue dekhna padta,1,1,1
thanks for the great post now know that not the only one who feels that media over hypes certain things also shashi tharoor one interview mentioned about journalist and media india 10m38s which rightly pointed how indian media behaves certain point desperately that they blind over other things would love see more the future from you hoping probably improve methods following indian politics and forming own perspectives about,1,1,1
mallapuram mini pakistan anyways surprises,0,0,0
how accurate hollywood portrayal college the seriously party and drink everyday,-1,0,0
what with the fbi vault vince foster search results searchabletext vince foster cambridge five jimmy hoffa rosenberg ect going nuts this weird shit,-1,0,0
look how cool are people sitting your underwear home,1,1,1
dud could not even read from his phone should booked for sedition,0,-1,-1
nah this just black money coming find elections,-1,-1,0
hope they succeed,0,1,1
the state animal maharashtra the giant squirrel one the cutest things the planet imagine how cute squirrels look now imagine there was more them cuddle omg,1,1,1
that the silver surfer from fantastic rise the silver surfer the background the left slardar,1,0,1
true leader,1,1,1
chahal bringing all his experience run,0,1,1
bjp mla watching too much game thrones fuck off dumb cunt,-1,-1,-1
laughed out loud work thanks,1,1,1
how about you start cleaning shit all the fishermen river stopped leaving garbage the river would great but who will cleanup the existing piles crap you left behind,-1,-1,1
wtf wrong with these people,-1,-1,-1
there will another round demonetiziation,-1,0,1
swag level 9000,0,1,1
real destiny player with too busy respond text sorry don believe,-1,0,0
this what don get how that amit shah and other bjp leaders fringe not you decide saying these things are not damaging and when media reports damaging even selective reporting how media reporting about lynching greater wrong than the actual lynching itself,-1,0,0
length,0,0,1
video fort abbas,0,0,1
favorite ahra,1,0,1
have reported his page few days back after his comment gau mutra sirf excel controversy,-1,-1,0
krnti ra bha m sabh khil nanala lga m barbara mn jt hai ball sabh khiliy chi,0,-1,0
save the bones for the soup,0,0,1
chowkidar maximum vanakkam,0,1,1
the simplest explanation that its because majority people who vote want right wing candidates and what they represent and not want left wing candidates and what they represent its less about messaging than the people perhaps remember the 2016 election was supposed jeb hillary with jeb being the chosen candidate the republican donors with without the republican base and hillary being the chosen dnc candidate with without the dem base both parties figured they could get their candidate pushed through without sunstantial blocs their mainstream voters tea partiers evangelicals the right and white working class the left the donor class spent 100 million and bought jeb electors and hillary spent way more and lost bernie nearly aced her out and trump tromped jeb very early the lesson pay attention what people want and shape your message accordingly its how trump won and sanders almost won and really would have not for the superdelegates,-1,0,1
this shows modi noncompetitiveness,0,-1,-1
somebody needs find out who the final authority these issues the one who says yeah need file complaint against whoever tweeted this bjp needs immediately fire that person imme frikkin diately,-1,-1,1
now during the upcoming wedding season the bride groom people will have one more duty the reception party they will now modify the invitation cards with following note all guests are requested either gift goods cheques dds gift cards only any envelope with cash will scrutinized entry level for presence 500 1000,1,0,1
wonder these jokers will pay for the kid school fees they just want kids join their sadhu army fuckers the other hand have you guys seen the kid fees schools have these days its fuckin atrocious paying through nose for half decent education its crazy,-1,-1,-1
modi trolls our full force,1,-1,0
sagna has been great far centre bac,1,1,1
rbi grows spine against modi,0,0,1
god the audience are making this shit show the tories the tories the tories coming mind here,-1,-1,-1
kinda irritating how these statements are they refuse talk about the problem all either guns islam poverty something retarded,-1,-1,-1
head shot,0,0,0
and then they wonder why intelligent people want emigrate and longer associated with the word indian,1,-1,0
seconda terza sono fantastiche,0,1,1
then excused himself that could take dump the sidewalk,0,-1,0
budda chutiya hai sometimes hates raga sometimes modi whatever,0,-1,0
cannot stop laughing nagas face she very surprised song just ended,1,1,1
great list thanks for putting this together,1,1,1
nuke america first,1,-1,-1
non political,0,0,0
remindme hours,0,0,0
hahahahah ironic,1,0,1
this guy corrupt like pappu,-1,-1,0
rehnuma hujuum dard gariibii ameer hai kaafi nahin hai kya daleel din acche hone adaabarz hai,0,-1,0
went the netherlands very wait mai bhi netherlands gaya tha bahoot pas and aya hamara airbnb jisme saat log rahe koi hotel bhi accha tha acha hai mudiji bhi netherlands rahen hai par wah fir bhi chutiye hain,1,0,0
kohldeep with that wrist work,0,1,1
hmmm hard drive and will have any case the way you but say about day less than manmohan hockey why are here and commute prana travel site but the navigation part was threatened and were already good government has decided through hair its gorgeous aesthetics,1,0,0
there aint any educated atm,0,0,-1
you give them what they need then there will maratha reservation patel reservation and many more never allow any quota now the nation will burn for next decade,1,-1,-1
voter bjp bsp cong,0,0,0
the contrast crazy today elon musk sent his electric car mars today live streaming right now with the car floating space with backdrop the earth going out there for billion years uo3h4fblwqy are discussing sardar patel pakodas urine drinking mooslime danger etc this country needs get its shit straight,-1,0,1
playing kenshi right now the community overlaps lot with rimworld guess add list sigh hey developers stop making many good indie games ffs need feed family,1,-1,0
hindutva terrorists they should sent the borders they can defeat pakistan wahan par bhi faat jayegi inki,0,-1,-1
surprised factorio not there that game has one the best ever played,1,1,1
unrelated question but you had hen that gave you golden eggs would you butcher,1,-1,0
thanks pal for such detailed list,1,1,1
clear majority bjp jharkhand,1,1,1
used keep replying fake for every shitpost and after sometime finally stopped this was friends whatsapp group exited the family whatsapp group since that had mostly religious posts from good morning good night,1,-1,0
thanks lot for ama years old doing job and would like join politics but they say politics longer for honest people what you think,1,1,0
this fucking trashy,-1,-1,-1
appreciate the cops for acting the compliant real time and arresting the accused disappointed that accused got bail hope the accused get prosecuted and jailed the maximum sentence allowed,-1,-1,1
serious bakchod likes wearing pink socks and still gets nursed his mum,-1,0,1
worst offender turkmenistan,-1,-1,-1
let guess marwadi mobile recharge shop bangalore,0,0,0
gau rakshak committees dwarka and padpadganj are headed pure veteran congress supporters figure,1,0,0
aren the pics more classified stuff and why need give proof not killed any civilians there some human rights issues,1,0,0
bjp spokesperson already setting out excuses saying bjp won 2003 elections rajasthan and but lost 2004 elections kinda weird they are already going for the negative spin maybe their internal surveys showed them losing badly,-1,-1,0
are you just married getting married,1,0,1
ohhh bit audiophile how that magni modi combo with the fidelio,0,1,1
why would they agree meet with him has influence anymore the slugs have been pushed out least most have why would they waste their time,0,-1,0
all say namo namo namo lub namo lyf,0,1,1
